{"Reward_Mean_Env": 46.799419109211755, "Length_Mean_Env": 118.38, "Reward_Mean": 47.50424766826621, "Length_Mean": 121.95, "D4rl_Score": 0.999314473814642, "_runtime": 8325, "_timestamp": 1636351279, "_step": 215, "uncertainty": 9.169283866882324, "disagreement_uncertainty": 1.5093430280685425, "aleatoric_uncertainty": 9.169283866882324, "reward": 1.1056911945343018, "next_obs": 0.29445680975914, "mean_action_log_prob": 6.2278594970703125, "mean_critic_loss": 870.1153564453125, "mean_Qmin": -979.5264282226562, "log_alpha": -2.2452824115753174, "mean_obs": -0.27952995896339417, "mean_new_action": 0.09075687825679779, "mean_next_obs": -0.2984407842159271, "mean_next_action": 0.11369028687477112, "mean_alpha_loss": 0.32849544286727905, "mean_actor_loss": 980.1859741210938}