{"Reward_Mean_Env": -1.661598744590172, "Length_Mean_Env": 1000.0, "Reward_Mean": -1.6106957842086684, "Length_Mean": 1000.0, "D4rl_Score": 2.2437715821122186, "_runtime": 284, "_timestamp": 1636351282, "_step": 0}