{"Reward_Mean_Env": -434.6902612169291, "Length_Mean_Env": 1000.0, "Reward_Mean": -451.7436254737321, "Length_Mean": 1000.0, "D4rl_Score": -1.3818944787120873, "_runtime": 8371, "_timestamp": 1636351176, "_step": 57, "uncertainty": 58.64453887939453, "disagreement_uncertainty": 6.01486349105835, "aleatoric_uncertainty": 58.64453887939453, "reward": 15.861468315124512, "next_obs": 0.7963641285896301, "mean_action_log_prob": 6.5800065994262695, "mean_critic_loss": 27015.30078125, "mean_Qmin": -4138.6123046875, "log_alpha": 0.10406866669654846, "mean_obs": 0.805939257144928, "mean_new_action": 0.050366319715976715, "mean_next_obs": 0.7486016154289246, "mean_next_action": 0.07090330123901367, "mean_alpha_loss": -0.05242166668176651, "mean_actor_loss": 4145.9140625}