{"Reward_Mean_Env": 39.98055599135687, "Length_Mean_Env": 139.15, "Reward_Mean": 42.64032483475402, "Length_Mean": 133.79, "D4rl_Score": 0.8933621447980695, "_runtime": 8327, "_timestamp": 1636351281, "_step": 202, "uncertainty": 9.711880683898926, "disagreement_uncertainty": 2.236889362335205, "aleatoric_uncertainty": 9.711880683898926, "reward": 0.6805814504623413, "next_obs": -0.12744703888893127, "mean_action_log_prob": 6.185588836669922, "mean_critic_loss": 2186.39697265625, "mean_Qmin": -1160.7781982421875, "log_alpha": -1.7923128604888916, "mean_obs": -0.3644392788410187, "mean_new_action": -0.03258263319730759, "mean_next_obs": -0.40306738018989563, "mean_next_action": -0.04883664846420288, "mean_alpha_loss": -0.16247715055942535, "mean_actor_loss": 1161.80859375}