{"Reward_Mean_Env": -15.717046729583906, "Length_Mean_Env": 47.86, "Reward_Mean": -15.805805855518042, "Length_Mean": 47.85, "D4rl_Score": -0.3797879195851995, "_runtime": 8336, "_timestamp": 1636351294, "_step": 38, "uncertainty": 18.870786666870117, "disagreement_uncertainty": 3.568922758102417, "aleatoric_uncertainty": 18.870786666870117, "reward": 2.238224983215332, "next_obs": -0.6649917960166931, "mean_action_log_prob": 6.738565444946289, "mean_critic_loss": 2943.86083984375, "mean_Qmin": -2263.001953125, "log_alpha": -1.599507212638855, "mean_obs": -0.24236048758029938, "mean_new_action": 0.1324293166399002, "mean_next_obs": -0.30291634798049927, "mean_next_action": 0.1237153708934784, "mean_alpha_loss": 1.5563719272613525, "mean_actor_loss": 2264.363037109375}