{"Reward_Mean_Env": -307.0142651331222, "Length_Mean_Env": 1000.0, "Reward_Mean": -307.3468825627388, "Length_Mean": 1000.0, "D4rl_Score": -0.21882833639038268, "_runtime": 8419, "_timestamp": 1636351199, "_step": 58, "uncertainty": 18.74734878540039, "disagreement_uncertainty": 4.721179962158203, "aleatoric_uncertainty": 18.74734878540039, "reward": 2.9972949028015137, "next_obs": 0.49525853991508484, "mean_action_log_prob": 6.47299861907959, "mean_critic_loss": 1174.768310546875, "mean_Qmin": -1799.915771484375, "log_alpha": -0.9900983572006226, "mean_obs": 0.5080958008766174, "mean_new_action": 0.17086170613765717, "mean_next_obs": 0.6999250054359436, "mean_next_action": 0.16988086700439453, "mean_alpha_loss": 0.09607948362827301, "mean_actor_loss": 1802.32080078125}