{"Reward_Mean_Env": 19.129276740595394, "Length_Mean_Env": 17.02, "Reward_Mean": 19.108012370270377, "Length_Mean": 17.01, "D4rl_Score": 1.2099997689333983, "_runtime": 8226, "_timestamp": 1636351295, "_step": 440, "uncertainty": 16.116296768188477, "disagreement_uncertainty": 0.5750201940536499, "aleatoric_uncertainty": 16.116296768188477, "reward": 7.257204055786133, "next_obs": -0.14986366033554077, "mean_action_log_prob": 3.53639554977417, "mean_critic_loss": 349.5118408203125, "mean_Qmin": -2082.28125, "log_alpha": -1.8155854940414429, "mean_obs": -0.11959671974182129, "mean_new_action": 0.16212236881256104, "mean_next_obs": -0.21573865413665771, "mean_next_action": 0.1634015142917633, "mean_alpha_loss": 0.9662720561027527, "mean_actor_loss": 2082.856689453125}