{"Reward_Mean_Env": 13.374712202249691, "Length_Mean_Env": 51.42, "Reward_Mean": 13.057321076041056, "Length_Mean": 51.85, "D4rl_Score": 0.24894646329385772, "_runtime": 8411, "_timestamp": 1636351280, "_step": 203, "uncertainty": 13.789728164672852, "disagreement_uncertainty": 2.956005573272705, "aleatoric_uncertainty": 13.789728164672852, "reward": 1.0192774534225464, "next_obs": -0.2816111445426941, "mean_action_log_prob": 6.533112049102783, "mean_critic_loss": 1817.5657958984375, "mean_Qmin": -2080.554931640625, "log_alpha": -1.6296498775482178, "mean_obs": -0.28920242190361023, "mean_new_action": 0.3403030335903168, "mean_next_obs": -0.3484348654747009, "mean_next_action": 0.32780927419662476, "mean_alpha_loss": 0.35591596364974976, "mean_actor_loss": 2081.83544921875}