{"Reward_Mean_Env": -341.0228369053998, "Length_Mean_Env": 1000.0, "Reward_Mean": -344.06389070689613, "Length_Mean": 1000.0, "D4rl_Score": -0.5145712192207992, "_runtime": 8390, "_timestamp": 1636351215, "_step": 32, "uncertainty": 41.15350341796875, "disagreement_uncertainty": 4.64977502822876, "aleatoric_uncertainty": 41.15350341796875, "reward": 8.703084945678711, "next_obs": 0.6720543503761292, "mean_action_log_prob": 6.77810001373291, "mean_critic_loss": 14179.49609375, "mean_Qmin": -2863.728515625, "log_alpha": -1.2220240831375122, "mean_obs": 0.45281973481178284, "mean_new_action": 0.08458133786916733, "mean_next_obs": 0.6000267267227173, "mean_next_action": 0.029580941423773766, "mean_alpha_loss": 0.6746577024459839, "mean_actor_loss": 2865.7255859375}