{"Reward_Mean_Env": -1.7964044904439411, "Length_Mean_Env": 1000.0, "Reward_Mean": -1.7039211258558027, "Length_Mean": 1000.0, "D4rl_Score": 2.2430206840220657, "_runtime": 286, "_timestamp": 1636351186, "_step": 1}