{"Reward_Mean_Env": 219.8346131959537, "Length_Mean_Env": 1000.0, "Reward_Mean": 222.9157370687868, "Length_Mean": 1000.0, "D4rl_Score": 4.052254840412261, "_runtime": 8540, "_timestamp": 1636351263, "_step": 56, "uncertainty": 2.3078267574310303, "disagreement_uncertainty": 0.5950801968574524, "aleatoric_uncertainty": 2.3078267574310303, "reward": -0.17530591785907745, "next_obs": 0.1588624119758606, "mean_action_log_prob": 7.294533729553223, "mean_critic_loss": 20.014434814453125, "mean_Qmin": -346.68511962890625, "log_alpha": -4.221712112426758, "mean_obs": 0.1327207386493683, "mean_new_action": 0.1833415925502777, "mean_next_obs": 0.12706777453422546, "mean_next_action": 0.1622816026210785, "mean_alpha_loss": 4.7013630867004395, "mean_actor_loss": 346.7921447753906}