{"Reward_Mean_Env": -214.339428730946, "Length_Mean_Env": 1000.0, "Reward_Mean": -214.29531452799242, "Length_Mean": 1000.0, "D4rl_Score": 0.5306700670318365, "_runtime": 8393, "_timestamp": 1636351202, "_step": 66, "uncertainty": 7.238958358764648, "disagreement_uncertainty": 1.590584635734558, "aleatoric_uncertainty": 7.238958358764648, "reward": 0.4215986728668213, "next_obs": 0.09907839447259903, "mean_action_log_prob": 5.598633289337158, "mean_critic_loss": 519.9091796875, "mean_Qmin": -553.6112670898438, "log_alpha": -1.7974175214767456, "mean_obs": 0.15288816392421722, "mean_new_action": -0.12078189104795456, "mean_next_obs": 0.15743888914585114, "mean_next_action": -0.08606328815221786, "mean_alpha_loss": -0.3870238661766052, "mean_actor_loss": 554.5391235351562}