{"Reward_Mean_Env": 16.347999099060022, "Length_Mean_Env": 16.25, "Reward_Mean": 16.328254347318605, "Length_Mean": 16.24, "D4rl_Score": 1.1245889142204388, "_runtime": 8251, "_timestamp": 1636351297, "_step": 420, "uncertainty": 7.220069408416748, "disagreement_uncertainty": 0.6372523903846741, "aleatoric_uncertainty": 7.220069408416748, "reward": 2.907440662384033, "next_obs": -0.20726986229419708, "mean_action_log_prob": 3.4308159351348877, "mean_critic_loss": 258.17724609375, "mean_Qmin": -298.4737548828125, "log_alpha": -0.7753673791885376, "mean_obs": -0.038186363875865936, "mean_new_action": 0.08581836521625519, "mean_next_obs": -0.044872939586639404, "mean_next_action": 0.06690967828035355, "mean_alpha_loss": 0.12889355421066284, "mean_actor_loss": 300.05377197265625}