{"Reward_Mean_Env": 164.85832194556258, "Length_Mean_Env": 90.18, "Reward_Mean": 162.34385191775706, "Length_Mean": 89.51, "D4rl_Score": 3.5009009401420648, "_runtime": 8416, "_timestamp": 1636351285, "_step": 209, "uncertainty": 10.179672241210938, "disagreement_uncertainty": 2.9039347171783447, "aleatoric_uncertainty": 10.179672241210938, "reward": 0.3110765814781189, "next_obs": -0.739113986492157, "mean_action_log_prob": 7.461461067199707, "mean_critic_loss": 692.5423583984375, "mean_Qmin": -1930.1171875, "log_alpha": -1.5825579166412354, "mean_obs": -0.3407394587993622, "mean_new_action": 0.34588441252708435, "mean_next_obs": -0.48476696014404297, "mean_next_action": 0.2881278991699219, "mean_alpha_loss": 1.7377933263778687, "mean_actor_loss": 1931.650146484375}