{"Reward_Mean_Env": 94.33506346465501, "Length_Mean_Env": 116.49, "Reward_Mean": 91.01738368291673, "Length_Mean": 106.71, "D4rl_Score": 1.9471745162894638, "_runtime": 259, "_timestamp": 1636351265, "_step": 4}