{"Reward_Mean_Env": 17.199354365619023, "Length_Mean_Env": 18.95, "Reward_Mean": 17.02533907774783, "Length_Mean": 18.8, "D4rl_Score": 1.1460075420800286, "_runtime": 8195, "_timestamp": 1636351288, "_step": 480, "uncertainty": 19.015806198120117, "disagreement_uncertainty": 0.6637346148490906, "aleatoric_uncertainty": 19.015806198120117, "reward": 6.988175868988037, "next_obs": 0.3822626769542694, "mean_action_log_prob": 2.6690187454223633, "mean_critic_loss": 862.0498657226562, "mean_Qmin": -2414.098388671875, "log_alpha": -1.2527104616165161, "mean_obs": 0.14370346069335938, "mean_new_action": 0.20571093261241913, "mean_next_obs": 0.18904608488082886, "mean_next_action": 0.23218201100826263, "mean_alpha_loss": -0.09616827964782715, "mean_actor_loss": 2414.861083984375}