{"Reward_Mean_Env": -1.9720430082784939, "Length_Mean_Env": 1000.0, "Reward_Mean": -2.124284720321372, "Length_Mean": 1000.0, "D4rl_Score": 2.2396347997262622, "_runtime": 332, "_timestamp": 1636351214, "_step": 1}