{"Reward_Mean_Env": -372.6066751280752, "Length_Mean_Env": 1000.0, "Reward_Mean": -372.35069700117225, "Length_Mean": 1000.0, "D4rl_Score": -0.742411723182612, "_runtime": 8386, "_timestamp": 1636351191, "_step": 50, "uncertainty": 58.96997833251953, "disagreement_uncertainty": 5.435791969299316, "aleatoric_uncertainty": 58.96997833251953, "reward": 16.35469627380371, "next_obs": 0.440153032541275, "mean_action_log_prob": 7.440069198608398, "mean_critic_loss": 18805.30859375, "mean_Qmin": -5421.509765625, "log_alpha": -0.4581303298473358, "mean_obs": 0.5001909732818604, "mean_new_action": -0.25000643730163574, "mean_next_obs": 0.5644623041152954, "mean_next_action": -0.26673680543899536, "mean_alpha_loss": 0.5360924005508423, "mean_actor_loss": 5426.21533203125}