{"Reward_Mean_Env": 401.2564462860547, "Length_Mean_Env": 1000.0, "Reward_Mean": 396.98020962536, "Length_Mean": 1000.0, "D4rl_Score": 5.454284349737314, "_runtime": 8519, "_timestamp": 1636351243, "_step": 56, "uncertainty": 2.5244195461273193, "disagreement_uncertainty": 0.6144111752510071, "aleatoric_uncertainty": 2.5244195461273193, "reward": -0.19083142280578613, "next_obs": 0.16157406568527222, "mean_action_log_prob": 7.787484169006348, "mean_critic_loss": 42.86667251586914, "mean_Qmin": -427.0697326660156, "log_alpha": -3.992063283920288, "mean_obs": 0.15915513038635254, "mean_new_action": -0.09058484435081482, "mean_next_obs": 0.1505005806684494, "mean_next_action": -0.09940594434738159, "mean_alpha_loss": 6.115901947021484, "mean_actor_loss": 427.2135009765625}