{"Reward_Mean_Env": -0.91576486454579, "Length_Mean_Env": 1000.0, "Reward_Mean": -1.1466045616058644, "Length_Mean": 1000.0, "D4rl_Score": 2.2475096774257035, "_runtime": 264, "_timestamp": 1636351262, "_step": 0}