{"Reward_Mean_Env": 209.46395996736243, "Length_Mean_Env": 240.41, "Reward_Mean": 275.09555764055773, "Length_Mean": 306.13, "D4rl_Score": 5.9570060698559795, "_runtime": 8266, "_timestamp": 1636351224, "_step": 133, "uncertainty": 18.178369522094727, "disagreement_uncertainty": 2.933712959289551, "aleatoric_uncertainty": 18.178369522094727, "reward": 2.3598265647888184, "next_obs": -0.23607593774795532, "mean_action_log_prob": 6.4998955726623535, "mean_critic_loss": 7055.15576171875, "mean_Qmin": -2426.51806640625, "log_alpha": -1.155188798904419, "mean_obs": -0.1525341421365738, "mean_new_action": 0.10378760099411011, "mean_next_obs": -0.30114907026290894, "mean_next_action": 0.10012286901473999, "mean_alpha_loss": 0.052597176283597946, "mean_actor_loss": 2428.5654296875}