{"Reward_Mean_Env": 238.6140596011204, "Length_Mean_Env": 163.99, "Reward_Mean": 236.53702791944454, "Length_Mean": 163.13, "D4rl_Score": 7.8907244593985, "_runtime": 8198, "_timestamp": 1636351275, "_step": 329, "uncertainty": 16.56727409362793, "disagreement_uncertainty": 0.3985293507575989, "aleatoric_uncertainty": 16.56727409362793, "reward": 8.001504898071289, "next_obs": 0.3379373848438263, "mean_action_log_prob": 3.1089768409729004, "mean_critic_loss": 376.0860290527344, "mean_Qmin": -2238.2041015625, "log_alpha": -1.9423089027404785, "mean_obs": 0.2978940010070801, "mean_new_action": -0.04112238436937332, "mean_next_obs": 0.29737749695777893, "mean_next_action": -0.045933447778224945, "mean_alpha_loss": 0.6363070607185364, "mean_actor_loss": 2238.64990234375}