{"Reward_Mean_Env": 24.44259277328518, "Length_Mean_Env": 24.99, "Reward_Mean": 24.417886666146096, "Length_Mean": 24.96, "D4rl_Score": 1.3731509850768577, "_runtime": 8216, "_timestamp": 1636351284, "_step": 301, "uncertainty": 16.500492095947266, "disagreement_uncertainty": 2.1896378993988037, "aleatoric_uncertainty": 16.500492095947266, "reward": 6.420973777770996, "next_obs": 0.024288276210427284, "mean_action_log_prob": 2.710663318634033, "mean_critic_loss": 467.412841796875, "mean_Qmin": -2516.5234375, "log_alpha": -2.6536762714385986, "mean_obs": 0.1637333333492279, "mean_new_action": 0.06728310137987137, "mean_next_obs": 0.16803067922592163, "mean_next_action": 0.07333657145500183, "mean_alpha_loss": -0.7593493461608887, "mean_actor_loss": 2516.71435546875}