{"Reward_Mean_Env": -288.5407450744407, "Length_Mean_Env": 1000.0, "Reward_Mean": -272.30731470078985, "Length_Mean": 1000.0, "D4rl_Score": 0.06340334141787003, "_runtime": 8489, "_timestamp": 1636351268, "_step": 54, "uncertainty": 21.071874618530273, "disagreement_uncertainty": 6.7213006019592285, "aleatoric_uncertainty": 21.071874618530273, "reward": 4.578619480133057, "next_obs": 0.7207538485527039, "mean_action_log_prob": 6.383955478668213, "mean_critic_loss": 5650.8486328125, "mean_Qmin": -1616.529296875, "log_alpha": -0.2524298429489136, "mean_obs": 0.4731978178024292, "mean_new_action": 0.0013400372117757797, "mean_next_obs": 0.5034098625183105, "mean_next_action": -0.00901496410369873, "mean_alpha_loss": -0.08845633268356323, "mean_actor_loss": 1621.489013671875}