{"Reward_Mean_Env": 830.1863561190407, "Length_Mean_Env": 1000.0, "Reward_Mean": 816.3415679229148, "Length_Mean": 1000.0, "D4rl_Score": 8.832095977625452, "_runtime": 8505, "_timestamp": 1636351284, "_step": 58, "uncertainty": 17.523527145385742, "disagreement_uncertainty": 3.9040911197662354, "aleatoric_uncertainty": 17.523527145385742, "reward": 3.095588445663452, "next_obs": 0.12579046189785004, "mean_action_log_prob": 5.939634323120117, "mean_critic_loss": 1267.429931640625, "mean_Qmin": -1572.7830810546875, "log_alpha": -0.8626624941825867, "mean_obs": 0.22657373547554016, "mean_new_action": -0.02745278738439083, "mean_next_obs": 0.42313602566719055, "mean_next_action": -0.09043465554714203, "mean_alpha_loss": 0.35082340240478516, "mean_actor_loss": 1575.289794921875}