{"Reward_Mean_Env": -2.9631754028006485, "Length_Mean_Env": 1000.0, "Reward_Mean": -3.0562449280744, "Length_Mean": 1000.0, "D4rl_Score": 2.2321281805201987, "_runtime": 319, "_timestamp": 1636351201, "_step": 1}