{"Reward_Mean_Env": -2.5015799517971415, "Length_Mean_Env": 9.0, "Reward_Mean": -2.4985468224676795, "Length_Mean": 9.0, "D4rl_Score": -0.08991179785396565, "_runtime": 8421, "_timestamp": 1636351275, "_step": 314, "uncertainty": 4.6796064376831055, "disagreement_uncertainty": 4.168056964874268, "aleatoric_uncertainty": 4.6796064376831055, "reward": 0.20221030712127686, "next_obs": -1.2458972930908203, "mean_action_log_prob": 6.776943206787109, "mean_critic_loss": 700.8988037109375, "mean_Qmin": -144.43017578125, "log_alpha": -1.975847601890564, "mean_obs": -0.8947741389274597, "mean_new_action": 0.011946950107812881, "mean_next_obs": -0.9513556361198425, "mean_next_action": 0.00765001168474555, "mean_alpha_loss": 2.55975341796875, "mean_actor_loss": 145.3697509765625}