{"Reward_Mean_Env": 28.334372378071784, "Length_Mean_Env": 23.02, "Reward_Mean": 28.308266763562575, "Length_Mean": 23.01, "D4rl_Score": 1.4926868175252468, "_runtime": 8239, "_timestamp": 1636351285, "_step": 371, "uncertainty": 7.0469818115234375, "disagreement_uncertainty": 0.4686005413532257, "aleatoric_uncertainty": 7.0469818115234375, "reward": 3.0654492378234863, "next_obs": 0.4269804358482361, "mean_action_log_prob": 3.395059585571289, "mean_critic_loss": 355.6900939941406, "mean_Qmin": -68.63204956054688, "log_alpha": -0.5841012597084045, "mean_obs": 0.1680951565504074, "mean_new_action": 0.3782528042793274, "mean_next_obs": 0.24384519457817078, "mean_next_action": 0.41229647397994995, "mean_alpha_loss": 0.11871641129255295, "mean_actor_loss": 70.52515411376953}