{"Reward_Mean_Env": -1.7876861573916483, "Length_Mean_Env": 1000.0, "Reward_Mean": -1.730429703980225, "Length_Mean": 1000.0, "D4rl_Score": 2.2428071665349254, "_runtime": 315, "_timestamp": 1636351207, "_step": 1}