{"Reward_Mean_Env": -1.3173279799074902, "Length_Mean_Env": 1000.0, "Reward_Mean": -1.2963573923962226, "Length_Mean": 1000.0, "D4rl_Score": 2.246303469836129, "_runtime": 379, "_timestamp": 1636351271, "_step": 0}