{"Reward_Mean_Env": -6.596368047357344, "Length_Mean_Env": 141.01, "Reward_Mean": -6.654551949298854, "Length_Mean": 140.79, "D4rl_Score": -0.18044333744967395, "_runtime": 8296, "_timestamp": 1636351254, "_step": 101, "uncertainty": 18.571542739868164, "disagreement_uncertainty": 3.0028231143951416, "aleatoric_uncertainty": 18.571542739868164, "reward": 2.225670337677002, "next_obs": -0.41637715697288513, "mean_action_log_prob": 6.288051605224609, "mean_critic_loss": 9285.744140625, "mean_Qmin": -2461.919189453125, "log_alpha": -1.2901033163070679, "mean_obs": -0.13158248364925385, "mean_new_action": 0.21309904754161835, "mean_next_obs": -0.12286211550235748, "mean_next_action": 0.1996173858642578, "mean_alpha_loss": 0.39312297105789185, "mean_actor_loss": 2463.64990234375}