{"Reward_Mean_Env": 10.715414770087111, "Length_Mean_Env": 32.55, "Reward_Mean": 10.36628505964908, "Length_Mean": 32.35, "D4rl_Score": 0.19032679699493218, "_runtime": 8409, "_timestamp": 1636351287, "_step": 394, "uncertainty": 23.182344436645508, "disagreement_uncertainty": 2.1808652877807617, "aleatoric_uncertainty": 23.182344436645508, "reward": 2.6370275020599365, "next_obs": -0.268708199262619, "mean_action_log_prob": 6.739368438720703, "mean_critic_loss": 1863.8770751953125, "mean_Qmin": -3935.103515625, "log_alpha": -1.9817943572998047, "mean_obs": -0.20047639310359955, "mean_new_action": 0.4130394160747528, "mean_next_obs": -0.23979288339614868, "mean_next_action": 0.4130873680114746, "mean_alpha_loss": 1.1060657501220703, "mean_actor_loss": 3936.0322265625}