{"Reward_Mean_Env": 216.9645599052097, "Length_Mean_Env": 200.63, "Reward_Mean": 217.22694476793924, "Length_Mean": 200.87, "D4rl_Score": 7.297402777104354, "_runtime": 8189, "_timestamp": 1636351299, "_step": 225, "uncertainty": 16.61735725402832, "disagreement_uncertainty": 1.1558347940444946, "aleatoric_uncertainty": 16.61735725402832, "reward": 7.3225250244140625, "next_obs": 0.64971524477005, "mean_action_log_prob": 2.985665798187256, "mean_critic_loss": 869.81494140625, "mean_Qmin": -1891.6932373046875, "log_alpha": -1.5810009241104126, "mean_obs": 0.4570366442203522, "mean_new_action": 0.026149360463023186, "mean_next_obs": 0.520287811756134, "mean_next_action": 0.017151890322566032, "mean_alpha_loss": -0.11433140933513641, "mean_actor_loss": 1892.3076171875}