{"Reward_Mean_Env": -0.5582952380292461, "Length_Mean_Env": 1000.0, "Reward_Mean": -0.4920542602123963, "Length_Mean": 1000.0, "D4rl_Score": 2.2527818551677345, "_runtime": 412, "_timestamp": 1636351294, "_step": 0}