{"Reward_Mean_Env": 137.78542731948528, "Length_Mean_Env": 144.08, "Reward_Mean": 119.58439729438474, "Length_Mean": 135.59, "D4rl_Score": 2.569458571523453, "_runtime": 8325, "_timestamp": 1636351193, "_step": 118, "uncertainty": 12.13354206085205, "disagreement_uncertainty": 2.8867712020874023, "aleatoric_uncertainty": 12.13354206085205, "reward": 0.6345459818840027, "next_obs": -0.4871342182159424, "mean_action_log_prob": 5.563490390777588, "mean_critic_loss": 44962.234375, "mean_Qmin": -1848.096435546875, "log_alpha": -1.467939853668213, "mean_obs": -0.30949586629867554, "mean_new_action": 0.14584097266197205, "mean_next_obs": -0.38781458139419556, "mean_next_action": 0.14276818931102753, "mean_alpha_loss": -0.3892645537853241, "mean_actor_loss": 1849.3782958984375}