{"Reward_Mean_Env": -0.2696022590825207, "Length_Mean_Env": 1000.0, "Reward_Mean": -0.36875060939661464, "Length_Mean": 1000.0, "D4rl_Score": 2.2537750237018543, "_runtime": 323, "_timestamp": 1636351205, "_step": 1}