{"Reward_Mean_Env": 41.9616288313387, "Length_Mean_Env": 53.1, "Reward_Mean": 42.14803379830618, "Length_Mean": 53.33, "D4rl_Score": 0.8826384175410795, "_runtime": 262, "_timestamp": 1636351269, "_step": 5}