{"Reward_Mean_Env": -355.20660163458945, "Length_Mean_Env": 1000.0, "Reward_Mean": -354.26072242706937, "Length_Mean": 1000.0, "D4rl_Score": -0.5967031945936494, "_runtime": 8449, "_timestamp": 1636351258, "_step": 67, "uncertainty": 6.800671100616455, "disagreement_uncertainty": 1.4812695980072021, "aleatoric_uncertainty": 6.800671100616455, "reward": 0.236704021692276, "next_obs": 0.39916467666625977, "mean_action_log_prob": 5.861933708190918, "mean_critic_loss": 453.8439636230469, "mean_Qmin": -489.14227294921875, "log_alpha": -2.040442705154419, "mean_obs": 0.5033184289932251, "mean_new_action": 0.11635835468769073, "mean_next_obs": 0.4819374084472656, "mean_next_action": 0.1543598473072052, "mean_alpha_loss": -1.1059596538543701, "mean_actor_loss": 489.9041442871094}