{"Reward_Mean_Env": 122.09562426907958, "Length_Mean_Env": 62.71, "Reward_Mean": 122.14148072095881, "Length_Mean": 62.73, "D4rl_Score": 4.375806477003706, "_runtime": 8188, "_timestamp": 1636351298, "_step": 265, "uncertainty": 16.615459442138672, "disagreement_uncertainty": 1.1078795194625854, "aleatoric_uncertainty": 16.615459442138672, "reward": 7.131721496582031, "next_obs": 0.6668061017990112, "mean_action_log_prob": 3.3336634635925293, "mean_critic_loss": 1027.8662109375, "mean_Qmin": -1776.82763671875, "log_alpha": -1.2779507637023926, "mean_obs": 0.3258274495601654, "mean_new_action": -0.050871592015028, "mean_next_obs": 0.3899632394313812, "mean_next_action": -0.04935894533991814, "mean_alpha_loss": 0.5044804811477661, "mean_actor_loss": 1777.7564697265625}