{"Reward_Mean_Env": -0.6740593519709317, "Length_Mean_Env": 1000.0, "Reward_Mean": -0.5384793749705354, "Length_Mean": 1000.0, "D4rl_Score": 2.2524079168223117, "_runtime": 315, "_timestamp": 1636351197, "_step": 1}