{"Reward_Mean_Env": -298.8952804448079, "Length_Mean_Env": 1000.0, "Reward_Mean": -302.94088392917126, "Length_Mean": 1000.0, "D4rl_Score": -0.1833395315149372, "_runtime": 8396, "_timestamp": 1636351201, "_step": 58, "uncertainty": 58.32594680786133, "disagreement_uncertainty": 5.309054374694824, "aleatoric_uncertainty": 58.32594680786133, "reward": 16.81862449645996, "next_obs": 0.6841747164726257, "mean_action_log_prob": 5.611608505249023, "mean_critic_loss": 20969.5, "mean_Qmin": -3984.759521484375, "log_alpha": -0.03439152240753174, "mean_obs": 0.6860944032669067, "mean_new_action": -0.0509917214512825, "mean_next_obs": 0.6591628789901733, "mean_next_action": -0.01339684333652258, "mean_alpha_loss": -0.008339492604136467, "mean_actor_loss": 3990.181396484375}