{"Reward_Mean_Env": -1.297016783821373, "Length_Mean_Env": 1000.0, "Reward_Mean": -1.4084566473170015, "Length_Mean": 1000.0, "D4rl_Score": 2.245400548860562, "_runtime": 281, "_timestamp": 1636351181, "_step": 1}