{"Reward_Mean_Env": 411.1569086772477, "Length_Mean_Env": 1000.0, "Reward_Mean": 410.69708403411676, "Length_Mean": 1000.0, "D4rl_Score": 5.564769059306823, "_runtime": 8561, "_timestamp": 1636351285, "_step": 61, "uncertainty": 2.7046356201171875, "disagreement_uncertainty": 0.8506544828414917, "aleatoric_uncertainty": 2.7046356201171875, "reward": -0.22072766721248627, "next_obs": 0.03228716924786568, "mean_action_log_prob": 6.4115753173828125, "mean_critic_loss": 22.556316375732422, "mean_Qmin": -355.5944519042969, "log_alpha": -4.0222392082214355, "mean_obs": 0.12461080402135849, "mean_new_action": -0.14974813163280487, "mean_next_obs": 0.05220935493707657, "mean_next_action": -0.14327272772789001, "mean_alpha_loss": 1.7604951858520508, "mean_actor_loss": 355.70928955078125}