{"Reward_Mean_Env": -389.7451707535787, "Length_Mean_Env": 1000.0, "Reward_Mean": -388.4919559306372, "Length_Mean": 1000.0, "D4rl_Score": -0.8724240169286039, "_runtime": 8363, "_timestamp": 1636351187, "_step": 58, "uncertainty": 34.9414176940918, "disagreement_uncertainty": 3.4762580394744873, "aleatoric_uncertainty": 34.9414176940918, "reward": 8.592571258544922, "next_obs": 0.3304443359375, "mean_action_log_prob": 5.295731067657471, "mean_critic_loss": 9393.8955078125, "mean_Qmin": -1631.7264404296875, "log_alpha": -0.31771180033683777, "mean_obs": 0.13864463567733765, "mean_new_action": -0.3071659803390503, "mean_next_obs": 0.18215279281139374, "mean_next_action": -0.35632404685020447, "mean_alpha_loss": -0.1891649216413498, "mean_actor_loss": 1635.5806884765625}